-- phpMyAdmin SQL Dump
-- version 5.2.1
-- https://www.phpmyadmin.net/
--
-- Máy chủ: 127.0.0.1
-- Thời gian đã tạo: Th6 06, 2023 lúc 06:34 PM
-- Phiên bản máy phục vụ: 10.4.28-MariaDB
-- Phiên bản PHP: 8.2.4

SET SQL_MODE = "NO_AUTO_VALUE_ON_ZERO";
START TRANSACTION;
SET time_zone = "+00:00";


/*!40101 SET @OLD_CHARACTER_SET_CLIENT=@@CHARACTER_SET_CLIENT */;
/*!40101 SET @OLD_CHARACTER_SET_RESULTS=@@CHARACTER_SET_RESULTS */;
/*!40101 SET @OLD_COLLATION_CONNECTION=@@COLLATION_CONNECTION */;
/*!40101 SET NAMES utf8mb4 */;

--
-- Cơ sở dữ liệu: `laravel`
--

-- --------------------------------------------------------

--
-- Cấu trúc bảng cho bảng `migrations`
--

CREATE TABLE `migrations` (
  `id` int(10) UNSIGNED NOT NULL,
  `migration` varchar(255) NOT NULL,
  `batch` int(11) NOT NULL
) ENGINE=InnoDB DEFAULT CHARSET=utf8mb4 COLLATE=utf8mb4_unicode_ci;

--
-- Đang đổ dữ liệu cho bảng `migrations`
--

INSERT INTO `migrations` (`id`, `migration`, `batch`) VALUES
(1, '2014_10_12_000000_create_users_table', 1),
(2, '2014_10_12_100000_create_password_reset_tokens_table', 1),
(3, '2019_08_19_000000_create_failed_jobs_table', 1),
(4, '2019_12_14_000001_create_personal_access_tokens_table', 1),
(5, '2023_05_30_123522_create_tbl_admin_table', 1),
(6, '2023_06_01_023030_create_tbl_category_product', 2),
(7, '2023_06_03_194004_create_tbl_brand_product', 3),
(8, '2023_06_03_204900_create_tbl_product', 4);

-- --------------------------------------------------------

--
-- Cấu trúc bảng cho bảng `password_reset_tokens`
--

CREATE TABLE `password_reset_tokens` (
  `email` varchar(255) NOT NULL,
  `token` varchar(255) NOT NULL,
  `created_at` timestamp NULL DEFAULT NULL
) ENGINE=InnoDB DEFAULT CHARSET=utf8mb4 COLLATE=utf8mb4_unicode_ci;

-- --------------------------------------------------------

--
-- Cấu trúc bảng cho bảng `tbl_admin`
--

CREATE TABLE `tbl_admin` (
  `admin_id` int(10) UNSIGNED NOT NULL,
  `admin_email` varchar(100) NOT NULL,
  `admin_password` varchar(255) NOT NULL,
  `admin_name` varchar(255) NOT NULL,
  `admin_phone` varchar(255) NOT NULL,
  `created_at` timestamp NULL DEFAULT NULL,
  `updated_at` timestamp NULL DEFAULT NULL
) ENGINE=InnoDB DEFAULT CHARSET=utf8mb4 COLLATE=utf8mb4_unicode_ci;

--
-- Đang đổ dữ liệu cho bảng `tbl_admin`
--

INSERT INTO `tbl_admin` (`admin_id`, `admin_email`, `admin_password`, `admin_name`, `admin_phone`, `created_at`, `updated_at`) VALUES
(1, 'admin@gmail.com', '40bd001563085fc35165329ea1ff5c5ecbdbbeef', 'Nhom Zero', '0123123123', '2023-05-30 13:01:36', '2023-05-30 13:01:36');

-- --------------------------------------------------------

--
-- Cấu trúc bảng cho bảng `tbl_brand`
--

CREATE TABLE `tbl_brand` (
  `brand_id` int(10) UNSIGNED NOT NULL,
  `brand_name` varchar(255) NOT NULL,
  `brand_decs` text NOT NULL,
  `created_at` timestamp NULL DEFAULT NULL,
  `updated_at` timestamp NULL DEFAULT NULL
) ENGINE=InnoDB DEFAULT CHARSET=utf8mb4 COLLATE=utf8mb4_unicode_ci;

--
-- Đang đổ dữ liệu cho bảng `tbl_brand`
--

INSERT INTO `tbl_brand` (`brand_id`, `brand_name`, `brand_decs`, `created_at`, `updated_at`) VALUES
(2, 'Samsung', 'Samsung', NULL, NULL),
(3, 'Apple', 'Apple', NULL, NULL),
(5, 'Xiaomi', 'Xiaomi', NULL, NULL);

-- --------------------------------------------------------

--
-- Cấu trúc bảng cho bảng `tbl_category_product`
--

CREATE TABLE `tbl_category_product` (
  `category_id` int(10) UNSIGNED NOT NULL,
  `category_name` varchar(255) NOT NULL,
  `category_decs` text NOT NULL,
  `created_at` timestamp NULL DEFAULT NULL,
  `updated_at` timestamp NULL DEFAULT NULL
) ENGINE=InnoDB DEFAULT CHARSET=utf8mb4 COLLATE=utf8mb4_unicode_ci;

--
-- Đang đổ dữ liệu cho bảng `tbl_category_product`
--

INSERT INTO `tbl_category_product` (`category_id`, `category_name`, `category_decs`, `created_at`, `updated_at`) VALUES
(20, 'Điện Thoại', 'Điện Thoại', NULL, NULL),
(21, 'Phụ kiện', 'Phụ kiện', NULL, NULL),
(24, 'Laptop', 'Laptop', NULL, NULL);

-- --------------------------------------------------------

--
-- Cấu trúc bảng cho bảng `tbl_product`
--

CREATE TABLE `tbl_product` (
  `product_id` int(10) UNSIGNED NOT NULL,
  `category_id` int(11) NOT NULL,
  `product_name` varchar(255) NOT NULL,
  `brand_id` int(11) NOT NULL,
  `product_decs` text NOT NULL,
  `product_content` text NOT NULL,
  `product_price` varchar(255) NOT NULL,
  `product_image` varchar(255) NOT NULL,
  `created_at` timestamp NULL DEFAULT NULL,
  `updated_at` timestamp NULL DEFAULT NULL
) ENGINE=InnoDB DEFAULT CHARSET=utf8mb4 COLLATE=utf8mb4_unicode_ci;

--
-- Đang đổ dữ liệu cho bảng `tbl_product`
--

INSERT INTO `tbl_product` (`product_id`, `category_id`, `product_name`, `brand_id`, `product_decs`, `product_content`, `product_price`, `product_image`, `created_at`, `updated_at`) VALUES
(8, 20, 'Xiaomi 13 Pro 5G', 5, 'Xiaomi', 'Xiaomi', '15000000', 'xiaomi13pro5G50.jpg', NULL, NULL),
(10, 20, 'Samsung Galaxy S20 Fan Edition', 2, 'Samsung', 'Samsung', '9000000', 'samsunggalaxys20fanedition19.jpg', NULL, NULL),
(11, 20, 'Samsung Galaxy S23 Ultra', 2, 'Samsung', 'Samsung', '23000000', 'samsung151.jpg', NULL, NULL),
(12, 20, 'iPhone 14 Pro Max 128GB Deep Purple', 3, 'iPhone', 'iPhone', '26500000', 'ip14small7.jpg', NULL, NULL),
(18, 21, 'Dây sạc Apple', 3, 'Apple', 'Phụ Kiện', '500000', 'cable74.jpeg', NULL, NULL);

-- --------------------------------------------------------

--
-- Cấu trúc bảng cho bảng `users`
--

CREATE TABLE `users` (
  `id` bigint(20) UNSIGNED NOT NULL,
  `name` varchar(255) NOT NULL,
  `email` varchar(255) NOT NULL,
  `email_verified_at` timestamp NULL DEFAULT NULL,
  `password` varchar(255) NOT NULL,
  `remember_token` varchar(100) DEFAULT NULL,
  `created_at` timestamp NULL DEFAULT NULL,
  `updated_at` timestamp NULL DEFAULT NULL
) ENGINE=InnoDB DEFAULT CHARSET=utf8mb4 COLLATE=utf8mb4_unicode_ci;

--
-- Chỉ mục cho các bảng đã đổ
--

--
-- Chỉ mục cho bảng `migrations`
--
ALTER TABLE `migrations`
  ADD PRIMARY KEY (`id`);

--
-- Chỉ mục cho bảng `password_reset_tokens`
--
ALTER TABLE `password_reset_tokens`
  ADD PRIMARY KEY (`email`);

--
-- Chỉ mục cho bảng `tbl_admin`
--
ALTER TABLE `tbl_admin`
  ADD PRIMARY KEY (`admin_id`);

--
-- Chỉ mục cho bảng `tbl_brand`
--
ALTER TABLE `tbl_brand`
  ADD PRIMARY KEY (`brand_id`);

--
-- Chỉ mục cho bảng `tbl_category_product`
--
ALTER TABLE `tbl_category_product`
  ADD PRIMARY KEY (`category_id`);

--
-- Chỉ mục cho bảng `tbl_product`
--
ALTER TABLE `tbl_product`
  ADD PRIMARY KEY (`product_id`);

--
-- Chỉ mục cho bảng `users`
--
ALTER TABLE `users`
  ADD PRIMARY KEY (`id`),
  ADD UNIQUE KEY `users_email_unique` (`email`);

--
-- AUTO_INCREMENT cho các bảng đã đổ
--

--
-- AUTO_INCREMENT cho bảng `migrations`
--
ALTER TABLE `migrations`
  MODIFY `id` int(10) UNSIGNED NOT NULL AUTO_INCREMENT, AUTO_INCREMENT=9;

--
-- AUTO_INCREMENT cho bảng `tbl_admin`
--
ALTER TABLE `tbl_admin`
  MODIFY `admin_id` int(10) UNSIGNED NOT NULL AUTO_INCREMENT, AUTO_INCREMENT=2;

--
-- AUTO_INCREMENT cho bảng `tbl_brand`
--
ALTER TABLE `tbl_brand`
  MODIFY `brand_id` int(10) UNSIGNED NOT NULL AUTO_INCREMENT, AUTO_INCREMENT=7;

--
-- AUTO_INCREMENT cho bảng `tbl_category_product`
--
ALTER TABLE `tbl_category_product`
  MODIFY `category_id` int(10) UNSIGNED NOT NULL AUTO_INCREMENT, AUTO_INCREMENT=25;

--
-- AUTO_INCREMENT cho bảng `tbl_product`
--
ALTER TABLE `tbl_product`
  MODIFY `product_id` int(10) UNSIGNED NOT NULL AUTO_INCREMENT, AUTO_INCREMENT=19;

--
-- AUTO_INCREMENT cho bảng `users`
--
ALTER TABLE `users`
  MODIFY `id` bigint(20) UNSIGNED NOT NULL AUTO_INCREMENT;
COMMIT;

/*!40101 SET CHARACTER_SET_CLIENT=@OLD_CHARACTER_SET_CLIENT */;
/*!40101 SET CHARACTER_SET_RESULTS=@OLD_CHARACTER_SET_RESULTS */;
/*!40101 SET COLLATION_CONNECTION=@OLD_COLLATION_CONNECTION */;
